time,seconds_elapsed,z,y,x
1746410372012685000,0.02868505859375,0.4706488422691822,0.5242705423414706,-1.9349182615101337
1746410372022657300,0.0386572265625,0.8065420080900192,0.498415385594964,-1.7984931905448436
1746410372032630300,0.04863037109375,1.0449436447128653,0.3627840953558683,-1.6768962708771227
1746410372042603000,0.05860302734375,1.0126303978681563,0.19613164390921592,-1.6840028880119322
1746410372052576000,0.068575927734375,0.8054629806816578,0.07531739905178546,-1.6485025355637073
1746410372062549000,0.078549072265625,0.4923936410874128,0.0012274959683418274,-1.5426146416813133
1746410372072522200,0.088522216796875,0.21165771434307099,-0.02264087087512016,-1.3854676852047443
1746410372082494000,0.098493896484375,0.04188683861494064,0.05766249989569187,-1.0674719951242209
1746410372092467000,0.108467041015625,-0.009371054935455321,0.39293490346968174,-0.7313707395106553
1746410372102440200,0.118440185546875,-0.07750467996299266,0.6644663640171289,-0.548110267612338
1746410372112413200,0.1284130859375,-0.11529051299989222,0.6454232253730297,-0.4956891755014658
1746410372122386200,0.13838623046875,-0.10469196209609508,0.5087240136414766,-0.5137210912764072
1746410372132359000,0.14835888671875,-0.028440497064590453,0.35249709461927414,-0.48908933884501454
1746410372142331100,0.1583310546875,0.007968786922097206,0.0963783072590828,-0.4066173918634653
1746410372152304000,0.16830419921875,0.03228314396739006,-0.11561141551733016,-0.2369049683243036
1746410372162277000,0.178277099609375,0.11937164483368395,-0.3052800008922815,-0.2666612241625786
1746410372172250000,0.18825,0.2639846984297037,-0.35924306174814696,-0.3491162200093269
1746410372182223000,0.19822314453125,0.2271416992008686,-0.2370966915041208,-0.14031740222871303
1746410372192195000,0.208195068359375,0.14531857151687144,-0.1388029060125351,-0.0932756650686264
1746410372202168300,0.218168212890625,-0.08779518783092498,-0.1586170290291309,-0.024537059885263442
1746410372212141000,0.22814111328125,-0.24700375301241873,-0.07147475214898585,0.09058686437606811
1746410372222114000,0.238114013671875,-0.31024200721383094,-0.022240473380684852,0.15676877081394194
1746410372232087000,0.248087158203125,-0.31681144873201844,-0.13998071762025355,0.20152794999480247
1746410372242060300,0.258060302734375,-0.27092472682595253,-0.32087095325589177,0.17481120798289776
1746410372252032000,0.268031982421875,-0.11685703166425228,-0.3616536300212145,0.15330723218321798
1746410372262005000,0.2780048828125,0.10948211898207663,-0.3027835079014301,0.1558598392754793
1746410372271978200,0.287978271484375,0.2110556567966938,-0.2552303140878677,0.11441256112158298
1746410372281951200,0.297951171875,0.23744097489714622,-0.21197160259783265,0.08505261112451552
1746410372291924200,0.30792431640625,0.14450199443697928,-0.09645429510474204,0.053204935964941975
1746410372301897000,0.31789697265625,-0.024253566768765448,0.0546896215647459,0.05076864872872829
1746410372311869200,0.327869140625,-0.28459815513044595,0.12475333787202834,0.05643032775223255
1746410372321842200,0.33784228515625,-0.523132478222251,0.1375958683103323,-0.04933364748954773
1746410372331815000,0.34781494140625,-0.7141039628893137,0.004520692294836044,-0.15166121854186057
1746410372341788200,0.3577880859375,-0.7528966348811984,-0.040431379109621045,-0.1963070004761219
1746410372351761200,0.36776123046875,-0.5845534538686276,-0.0628852029800415,-0.00035538930892944334
1746410372361733000,0.377733154296875,-0.5816787752151489,-0.15846329977214335,0.13953472741842268
1746410372371706000,0.3877060546875,-0.6405795847341418,-0.24735738875567911,0.13517536316514014
1746410372381679000,0.39767919921875,-0.6793214033216237,-0.28387656285762786,0.09638941317498684
1746410372391652000,0.407652099609375,-0.6485013176441192,-0.2789642408967018,0.19572510893493889
1746410372401625000,0.417625,-0.5707084683895111,-0.19805062927305697,0.3888300984993577
1746410372411598000,0.42759814453125,-0.411069695097208,-0.20112755250036715,0.5400462036222219
1746410372421570000,0.437570068359375,-0.11587737297713756,-0.2774994290411472,0.4821659693226218
1746410372431543000,0.44754296875,-0.028097382715344427,-0.48970717848241324,0.5343436080664395
1746410372441516300,0.457516357421875,-0.22610767997801304,-0.5603460643291474,0.5776119641676545
1746410372451489300,0.4674892578125,-0.42204643166363237,-0.4006961851209402,0.3743567519888282
1746410372461462000,0.4774619140625,-0.33722675251215695,-0.16672434763908386,0.25786387746185063
1746410372471435000,0.48743505859375,-0.29251170473396776,-0.04639408690631389,0.1202110182672739
1746410372481407200,0.4974072265625,-0.19189561377465725,-0.03390694577693939,0.10314444039314985
1746410372491380200,0.507380126953125,-0.07708148611485957,-0.05689151552319526,0.28000468986034394
1746410372501353000,0.51735302734375,0.08803601084947585,-0.028677812951803206,0.6008753508552909
1746410372511326000,0.527325927734375,-0.049640229220688344,-0.01439092892408371,1.097050556308031
1746410372521299200,0.53729931640625,-0.5153101140335202,0.2751689402669668,1.0498942528575659
1746410372531271200,0.547271240234375,-0.7788090747728943,0.37483810576498505,0.45152270151674745
1746410372541244000,0.557243896484375,-0.7313906132549047,0.25800153236687184,-0.04122194496542215
1746410372551217200,0.567217041015625,-0.42606618869900703,0.172695823264122,0.06899871742427349
1746410372561190100,0.577190185546875,-0.15774199976027012,0.2347527587264776,0.2633256499990821
1746410372571163100,0.5871630859375,0.11825783837288617,0.1664168891251087,0.36638065854310986
1746410372581136100,0.59713623046875,0.10125088173151016,0.00528290883898735,0.4593313294410705
1746410372591108000,0.607108154296875,-0.17494710932224988,0.03404372389912605,0.11469868458658457
1746410372601081000,0.6170810546875,-0.45326983744502064,-0.015957447588443755,-0.3985620957016945
1746410372611054000,0.62705419921875,-0.4912263508737087,0.011932429856061934,-0.8471504973322153
1746410372621027300,0.63702734375,-0.41305210108608004,0.19973288327157496,-0.8412199382394552
1746410372631000000,0.647,-0.46841830673813817,0.21567571781277656,-0.5130456762328743
1746410372640973000,0.65697314453125,-0.33161621915400025,0.1730880374521017,-0.23426351390480993
1746410372650945300,0.6669453125,0.44357612642645833,0.05834288337528705,-0.24117986916452644
1746410372660918300,0.676918212890625,1.0990899531811475,-0.3496884669393301,-0.465249905835092
1746410372670891000,0.68689111328125,1.3210007659912109,-0.24842414120435713,-0.6748200002491473
1746410372680864000,0.696864013671875,0.9332312824606895,-0.4154185379564762,-0.2753627092733979
1746410372690837200,0.706837158203125,0.4660194289028644,-0.3377285645544529,0.20304887595176696
1746410372700809200,0.716809326171875,-0.12344167075157164,-0.1551589975297451,0.4452084038034081
1746410372710782000,0.726781982421875,-0.3771703481048345,-0.037810967478156085,0.7121095742017031
1746410372720755200,0.736755126953125,-0.1372474932640791,0.1384013394743204,0.7399819159895181
1746410372730728200,0.746728271484375,0.24135084181725977,0.060849897760152816,0.5768132150053977
1746410372740701200,0.756701171875,0.50791561986804,-0.22682956451177597,0.48580432582497596
1746410372750674000,0.766673828125,0.6941606605350971,-0.3124263655155897,0.6067606095016003
1746410372760646100,0.776646240234375,0.9336977309286594,-0.46016778026521205,0.6231114403218031
1746410372770619100,0.786619140625,1.0222940060094,-0.7367933490812778,0.6077870299398899
1746410372780592000,0.796592041015625,1.0408744955778122,-0.7829395987063645,0.7027195223048329
1746410372790565000,0.806565185546875,0.9453232867926359,-0.6282014569371939,0.6958744787156581
1746410372800538000,0.8165380859375,0.7732774518698453,-0.4513496830374002,0.6560331744536757
1746410372810511000,0.826510986328125,0.42311902933120726,-0.1905985597014427,0.6083540161728859
1746410372820483300,0.8364833984375,-0.017975509412586688,0.030762218010425564,0.3840188988253474
1746410372830456000,0.8464560546875,-0.41012627676725383,0.06592822393774986,0.011412789896130562
1746410372840429000,0.856428955078125,-0.6148933548137545,0.1629933444172144,-0.36015959207117554
1746410372850402000,0.866402099609375,-0.656239510680735,0.27309681016802784,-0.6089695177227258
1746410372860375000,0.876375,-0.5469599285334348,0.35631343803703786,-0.7338596337169409
1746410372870348300,0.886348388671875,-0.3898731778115034,0.4043587992817163,-0.7079343343436718
1746410372880320000,0.896320068359375,-0.26391075641065836,0.43800095664262767,-0.6323369493067265
1746410372890293200,0.906293212890625,-0.26647943785488604,0.36839959715008735,-0.4952776720911264
1746410372900266200,0.916266357421875,-0.3845955296695232,0.3074900781571865,-0.3418102809101343
1746410372910239200,0.9262392578125,-0.5457195730835199,0.3056143474131822,-0.2777805840700865
1746410372920212000,0.9362119140625,-0.5202408484339713,0.29845687687397,-0.3487675527021289
1746410372930184200,0.94618408203125,-0.4506862506926059,0.12621639616191385,-0.4374804398998618
1746410372940157200,0.9561572265625,-0.34604192713052034,-0.03755377784669399,-0.407729444758594
1746410372950130200,0.966130126953125,-0.2506640290856361,0.020381109249591828,-0.30246172860115766
1746410372960103000,0.97610302734375,-0.1594444197639823,0.06185118375718593,-0.17079700390547514
1746410372970076200,0.986076171875,-0.14904109917134045,0.04261573741137981,-0.09679799397587775
1746410372980048100,0.996048095703125,-0.20331074175834654,-0.08718962315320967,-0.012867372618615626
1746410372990020400,1.006020263671875,-0.2276081476688385,-0.19692016393840311,0.1510997852668166
1746410372999993300,1.015993408203125,-0.1865244421303272,-0.16336977651417253,0.2503466336995363
1746410373009966000,1.025966064453125,-0.2293283955901861,0.004604278925061225,0.10829115563184022
1746410373019939000,1.03593896484375,-0.2936906853854656,0.016048633003234863,-0.13537117799818515
1746410373029912300,1.045912353515625,-0.3217033124268055,-0.13140519697666167,-0.24926117655038832
1746410373039885300,1.05588525390625,-0.25109160684794185,-0.15808511410951614,-0.18400310695916414
1746410373049857000,1.06585693359375,-0.15332652140557765,-0.17478198188841343,0.02435673488229513
1746410373059830300,1.075830322265625,0.002049041484296322,-0.2604951027482748,0.22040391537845133
1746410373069803300,1.08580322265625,0.11097411110550165,-0.2995417495012283,0.38532764333635566
1746410373079776300,1.0957763671875,0.19085984098613262,-0.23074060047566888,0.42359278432279823
1746410373089749200,1.105749267578125,0.14029519039690494,-0.21672668817043303,0.3761392514914274
1746410373099722200,1.11572216796875,-0.07543839508295058,-0.24817922653257846,0.26606238148659467
1746410373109694200,1.125694091796875,-0.3062386167913675,-0.09499532846808433,0.14467238256782292
1746410373119667200,1.135667236328125,-0.44342824238836764,0.08195230702161789,0.015349544823169707
1746410373129640400,1.145640380859375,-0.5960702886611223,0.1511018310934305,-0.14642916310727597
1746410373139613200,1.15561328125,-0.7145479072645307,0.11814064173400401,-0.24649346540272235
1746410373149586200,1.165586181640625,-0.6139817929267883,0.15798340730071067,-0.3078384532034397
1746410373159559200,1.17555908203125,-0.4081161059886217,0.1837275048881769,-0.30745149971246716
1746410373169531400,1.185531494140625,-0.24286767612099647,0.03086567838490009,-0.24807722746282815
1746410373179504000,1.195504150390625,-0.14629472307264804,-0.14317045357227326,-0.16305033530145882
1746410373189477000,1.20547705078125,-0.1833960809767246,-0.3082400197416544,-0.07492489260286092
1746410373199450400,1.215450439453125,-0.32125030796229836,-0.4532628231823444,-0.14579700268357992
1746410373209423400,1.22542333984375,-0.49870589297413825,-0.33252631973624225,-0.22578473163396118
1746410373219395000,1.23539501953125,-0.6629138738781213,0.2215034010529518,-0.18074527420699596
1746410373229368300,1.245368408203125,-0.8237365962579846,0.6997136184871197,-0.18616028499305248
1746410373239341300,1.25534130859375,-0.9184317727357149,0.6910837373077869,-0.365142056658864
1746410373249314300,1.265314208984375,-0.8874410066664218,0.6823281839221715,-0.398014690952003
1746410373259287300,1.275287353515625,-0.7745856118589639,0.7093605677545071,-0.14947773702293635
1746410373269260300,1.28526025390625,-0.5708171894609928,0.4826122517853975,0.18966303241699933
1746410373279232300,1.295232177734375,-0.3453253032937646,0.01596679993867874,0.43101212066859007
1746410373289205200,1.305205322265625,-0.10514087490737438,-0.31383272518217564,0.579227874931693
1746410373299178200,1.31517822265625,0.06567629500329494,-0.30946459310054775,0.6083987320974469
1746410373309151200,1.325151123046875,0.031901158912479875,-0.17722002269029616,0.45369069320559496
1746410373319124200,1.335124267578125,-0.0779296273767948,-0.13588497273921965,0.2294432541415095
1746410373329097200,1.34509716796875,-0.11753390801250933,-0.10846914254724979,0.08013765881508589
1746410373339069400,1.3550693359375,-0.009106851041316985,0.038461540341377255,0.011673194397985934
1746410373349042200,1.365042236328125,0.28969723183512686,0.1564396849900484,-0.09897738384157419
1746410373359015200,1.37501513671875,0.5162953256785869,0.06881985372602939,-0.24523791238367557
1746410373368988200,1.38498828125,0.6861930426567793,-0.12616028206050395,-0.30737317377924916
1746410373378961400,1.39496142578125,0.7684884640276431,-0.21379121924042702,-0.31443332142382857
1746410373388934100,1.40493408203125,0.6851981864005326,-0.20798983948528765,-0.2853194551423192
1746410373398906000,1.414906005859375,0.4978308637052774,-0.15759996094107626,-0.25203239482939244
1746410373408879400,1.42487939453125,0.24393588987439868,-0.06113455992043018,-0.2846571918413043
1746410373418852400,1.434852294921875,-0.01351210026293993,-0.008325345274806021,-0.3035407560095191
1746410373428825000,1.4448251953125,-0.13590192387402056,0.01720423277914524,-0.3502244735121727
1746410373438798000,1.454798095703125,-0.15828239024728535,-0.0018459201276302337,-0.3085378336444497
1746410373448771300,1.464771240234375,-0.10029431165903806,-0.0032499417066574094,-0.09621288756430149
1746410373458743300,1.474743408203125,-0.06232581553161144,0.012882862448692321,0.09837678759992122
1746410373468716000,1.484716064453125,-0.07442541864812374,-0.043483167895674704,0.1818494360566139
1746410373478689300,1.494689208984375,-0.17239187188148497,-0.10795943945944309,0.20417291154563424
1746410373488662300,1.504662353515625,-0.2939946367681026,-0.13111819672882555,0.2025198836416006
1746410373498635300,1.51463525390625,-0.3935989203363657,-0.0765273593634367,0.20673428646624087
1746410373508607200,1.524607177734375,-0.4232759734585881,0.05433306321203708,0.19443653042912482
1746410373518580200,1.534580322265625,-0.4927741648375988,0.1713093373417854,0.1644043802589178
1746410373528553200,1.54455322265625,-0.5626841518878937,0.2130541371375322,0.1577554437637329
1746410373538526200,1.554526123046875,-0.5645215964481234,0.2183095734477043,0.2720154446721077
1746410373548499500,1.56449951171875,-0.42146424786150455,0.24777882903814313,0.3776064014345407
1746410373558472200,1.57447216796875,-0.29154899718165395,0.1679775625705719,0.4124368917971849
1746410373568445200,1.584445068359375,-0.2204597372189164,-0.029168811339139938,0.5313771594762802
1746410373578417400,1.59441748046875,-0.11046353123486041,-0.15621113693118094,0.61174073600173
1746410373588390400,1.604390380859375,-0.030293431454896925,-0.16841770755350588,0.6663567078083753
1746410373598363100,1.614363037109375,0.02214081239849329,-0.19980770207345486,0.6875789440572262
1746410373608336100,1.624336181640625,0.03617547523081303,-0.21934593075811862,0.5897662200808524
1746410373618309400,1.634309326171875,0.04551408920139074,-0.15799743582606315,0.5057061271250247
1746410373628281300,1.64428125,0.0744467536970973,-0.07720189762413501,0.46171033353209495
1746410373638254000,1.654254150390625,0.2411877602100372,0.005454173752665519,0.4985276137977838
1746410373648227300,1.664227294921875,0.4001438119351864,0.049018590191006656,0.5590367352962493
1746410373658200300,1.674200439453125,0.31900691294968125,-0.02675882758796215,0.5752782605230808
1746410373668173300,1.68417333984375,-0.02213642848432064,-0.15185820241868495,0.7345049458831548
1746410373678146300,1.694146240234375,-0.4590975206851959,-0.25468027898967266,0.8249024251669644
1746410373688118300,1.7041181640625,-0.823413063392043,-0.2749047363728285,0.8576333129018545
1746410373698091300,1.71409130859375,-1.1060130304425955,-0.12325111661553383,1.003718192616105
1746410373708064300,1.724064208984375,-1.2819739929825067,0.2648147195130586,0.7285492523491383
1746410373718037200,1.734037353515625,-1.2683803519159556,0.24076515088379383,0.08197393433153628
1746410373728010200,1.74401025390625,-0.7585010307595134,0.2238601933121681,-0.3713648766964674
1746410373737983200,1.753983154296875,-0.1259188745200634,0.34191257224082944,-0.4052525332510471
1746410373747955200,1.763955078125,0.35225276446938514,0.30519173808693884,-0.0850099410265684
1746410373757928200,1.77392822265625,0.5799465445950627,0.07718845362067223,0.2636439221680164
1746410373767901200,1.783901123046875,0.47294075259864327,-0.2635655962347984,0.5134563028603792
1746410373777874200,1.793874267578125,-0.01612228276133537,-0.5495329938918352,0.6858417450010776
1746410373787847200,1.80384716796875,-0.5947732345879078,-0.6504699873685836,0.8459948975563049
1746410373797820400,1.8138203125,-1.1169131946414708,-0.5512327835470437,0.910130392858386
1746410373807792000,1.823792236328125,-1.4078846841961146,-0.28731530513465403,0.7718219923645258
1746410373817765000,1.83376513671875,-1.476853591004014,-0.08016776169240475,0.4770487724393606
1746410373827738400,1.84373828125,-1.1239677893280982,0.2042541600883007,0.09366846377849579
1746410373837711400,1.85371142578125,-0.57444970074445,0.38282384382188317,-0.32244273261725903
1746410373847684000,1.86368408203125,0.05389847118705511,0.40853754627108574,-0.5512368752002715
1746410373857657000,1.873656982421875,0.5380103138804435,0.3063268795967102,-0.630942864599824
1746410373867629300,1.88362939453125,0.8212886185839772,0.1618552802979946,-0.6312199279755354
1746410373877602300,1.893602294921875,0.6079197164088487,0.06158814890682697,-0.5838379990756511
1746410373887575000,1.903574951171875,0.3207154704332352,0.0031751229047775266,-0.389754519867897
1746410373897548300,1.91354833984375,-0.2317939089208841,0.1712538077622652,-0.2515495797485113
1746410373907521300,1.923521240234375,-0.7735434093296527,0.14005144476890563,-0.29732231988608837
1746410373917493200,1.9334931640625,-0.9061904230609535,0.09015256461203097,-0.41349370737373825
1746410373927466200,1.94346630859375,-0.7089104858994484,0.2286579489827156,-0.49735097123384475
1746410373937439200,1.953439208984375,-0.27611966512054203,0.27554654140770435,-0.6580313625335693
1746410373947412200,1.963412109375,0.15444295821487902,0.24135610251426695,-0.8126385713994503
1746410373957385200,1.97338525390625,0.5490940179526805,0.17146891181766985,-0.9771966809153556
1746410373967358500,1.9833583984375,0.7986009859576821,-0.038087446331977845,-1.0594389107942581
1746410373977330400,1.993330322265625,0.6175199039250612,-0.27775954128205776,-0.7931804222136736
1746410373987303400,2.003303466796875,0.13478461028188465,-0.3209223911821842,-0.4115308828681707
1746410373997276700,2.013276611328125,-0.4765025367334485,-0.35379064156115053,-0.280985517591238
1746410374007249700,2.023249755859375,-0.8770318408548832,-0.19133330371677876,-0.14425941785275936
1746410374017222700,2.03322265625,-0.8834493066817521,-0.06668810239434242,-0.12255670461058615
1746410374027195400,2.0431953125,-0.5993874503850937,-0.3186988699138164,-0.3521902206271887
1746410374037167600,2.053167724609375,-0.11445376991480588,-0.6464034685820341,-0.5777928736925125
1746410374047140600,2.063140625,0.45138095495849845,-0.9295108006328344,-0.38997196201086043
1746410374057113600,2.073113525390625,0.768255824315548,-1.092436340510845,0.009495558097958564
1746410374067086300,2.08308642578125,0.7842500967830419,-0.9723165076583623,0.15294365956783293
1746410374077059600,2.0930595703125,0.6744394764989614,-0.8158294763952493,0.053391982969641684
1746410374087032600,2.103032470703125,0.5678758753120899,-0.6080407124400139,-0.19840718762576579
1746410374097004500,2.113004638671875,0.5146212549865246,-0.23189795381724834,-0.45435354102849956
1746410374106977500,2.1229775390625,0.2800073202088475,0.18364158017039298,-0.4014747682780027
1746410374116950500,2.132950439453125,0.0306179872341454,0.24877894599139688,-0.1729448295891285
1746410374126923500,2.142923583984375,-0.10018339863047003,0.08042495132386684,-0.06301029066443443
1746410374136896500,2.152896484375,-0.23790976145267484,-0.1654845767110586,-0.19501812970936297
1746410374146869500,2.162869384765625,-0.4801226269267499,-0.5312351206570863,-0.34151042118072505
1746410374156841500,2.172841552734375,-0.6060637132786214,-0.6774415809243917,-0.8122913653969764
1746410374166814500,2.182814453125,-0.22048969396576285,-0.4459615602582693,-1.2848054170161485
1746410374176787700,2.19278759765625,-0.08865209692120551,0.0339022696018219,-1.6375082633405922
1746410374186760400,2.202760498046875,-0.5718552272718399,0.4788958616107702,-2.613951495540142
1746410374196733400,2.2127333984375,-0.6044564242124557,0.2715086641937494,-2.9567922885417937
1746410374206705700,2.22270556640625,-0.08251520160138606,0.12781623257398605,-2.143018575632572
1746410374216678700,2.2326787109375,0.10715338377356529,0.33885435371398925,-1.6149170768260954
1746410374226651400,2.2426513671875,-0.230887242404744,-1.0896025783896446,-1.6375380739569663
1746410374236624400,2.252624267578125,-0.6190946058958768,-2.3531109403550623,-1.7341992898106573
1746410374246597600,2.26259765625,-0.49297871096637097,-2.2622154484212396,-2.1197651258170604
1746410374256570600,2.272570556640625,-0.5837777933210134,-2.6554724234521387,-2.4442349803477526
1746410374266542300,2.282542236328125,-0.5096171630889177,-2.9336984132021664,-1.8555010259240865
1746410374276515600,2.292515625,-0.31166005731821056,-3.3345378061860798,-1.4393682022184133
1746410374286488600,2.302488525390625,0.22723754252446815,-3.741823306569457,-1.0626520276218652
1746410374296461600,2.312461669921875,1.101655419754982,-3.892166720511019,-0.7895610626727342
1746410374306434600,2.3224345703125,2.0139643256962296,-3.5789229011327026,-0.6463052689045667
1746410374316407600,2.332407470703125,2.820456064903736,-2.698189867672324,-0.6685486648947
1746410374326379500,2.342379638671875,3.0165900469005105,-1.4374386954605578,-0.9041635934084653
1746410374336352500,2.3523525390625,2.3243792052589356,0.10846066697984934,-0.6984574809461832
1746410374346325800,2.36232568359375,1.372064306013286,0.21631021632403133,-0.5719190132230519
1746410374356298500,2.372298583984375,0.6313629897080362,-1.37605746730268,-0.17357435966432094
1746410374366271500,2.382271484375,0.5200302744232118,-2.4924638814657927,2.1795886031389236
1746410374376244500,2.392244384765625,0.8566156602919102,-3.2814787084326147,4.189551291978359
1746410374386216700,2.402216796875,1.890095953965187,-3.331475788266957,5.239777553269267
1746410374396189400,2.412189453125,3.25160057978034,-2.0334844342023133,5.978758183261752
1746410374406162400,2.422162353515625,4.272064447753131,-0.1106707442447543,6.067597327187657
1746410374416135400,2.432135498046875,4.501124840056896,1.359502053821087,6.458644224953651
1746410374426108700,2.442108642578125,3.5352734367594123,1.8330913334563372,7.27835434217453
1746410374436081700,2.45208154296875,1.7949577098950742,2.1215277515754103,8.419368543371558
1746410374446053600,2.4620537109375,0.2504538934662938,2.496236093480885,8.861828817510604
1746410374456026600,2.472026611328125,-0.44124125373810524,3.494809032163024,9.007882717564701
1746410374465999600,2.48199951171875,0.023064356984198092,5.9587272026240825,8.816625401693582
1746410374475972600,2.49197265625,0.9356628935217857,8.588392400124668,7.1349173466205595
1746410374485945300,2.5019453125,1.0228758975505827,10.526892027252911,5.278500959417223
1746410374495918600,2.511918701171875,-0.20177754084169863,11.859998241579532,4.633422601959109
1746410374505890600,2.521890625,-2.637743290016055,12.173928581917286,4.27709221278727
1746410374515863600,2.531863525390625,-5.240874116334319,11.816562419956922,4.444218711486458
1746410374525836500,2.54183642578125,-6.798720229417086,11.871558915513754,4.625464920952916
1746410374535809500,2.5518095703125,-7.661668599861859,12.748049489098786,3.295284823206067
1746410374545782500,2.561782470703125,-8.201555229008198,13.77856859487891,0.9563537993729114
1746410374555754500,2.57175439453125,-8.65045810341537,13.830429715019463,-1.0990244867295027
1746410374565727500,2.5817275390625,-8.894406560510397,13.248324238824843,-1.9305705876946448
1746410374575700500,2.591700439453125,-8.975325432831049,12.125610833472013,-2.4232792860805987
1746410374585673500,2.601673583984375,-9.120234839025139,9.17759923275709,-2.409223872721195
1746410374595646700,2.611646728515625,-8.82931186478734,5.523696786224842,-2.1164830354064703
1746410374605619500,2.621619384765625,-6.772927031990886,2.1033716248989105,-3.7553339455276724
1746410374615591400,2.63159130859375,-3.157440533092618,1.104134084828198,-6.519078527650237
1746410374625564700,2.641564697265625,0.017220014870166778,3.000807663618028,-8.502297001948952
1746410374635537700,2.65153759765625,0.7552437825292349,4.856320087718963,-9.222254367041588
1746410374645510400,2.661510498046875,-1.484921162125468,3.610600772683322,-7.9528662993878125
1746410374655483400,2.6714833984375,-4.440600520989299,1.0530378115803003,-3.749728965127468
1746410374665456600,2.68145654296875,-6.305110782799124,-0.41374212917685504,0.08165361633598804
1746410374675428600,2.6914287109375,-6.3188224972873925,-1.17025373968482,1.5890870545208453
1746410374685401300,2.7014013671875,-4.318024527156353,0.7991744019314646,1.9997797329992055
1746410374695374600,2.71137451171875,-1.8052607849836348,4.462485020539164,0.4211737404823303
1746410374705347600,2.72134765625,-0.027934885630011556,8.251797223514318,-2.3605858062803744
1746410374715320600,2.731320556640625,0.416164972409606,10.752828442317247,-5.731911082115769
1746410374725293600,2.74129345703125,0.0058317748934030526,13.094848664337396,-7.464109553498029
1746410374735265500,2.751265625,-1.4957202040374278,15.106837306046485,-7.772108165699243
1746410374745238500,2.761238525390625,-3.6688223677664995,15.535383036601543,-6.724405869928002
1746410374755211500,2.77121142578125,-5.538997815731167,15.07916837787628,-3.606207213899493
1746410374765184800,2.781184814453125,-6.436935081970692,14.07958450858593,-0.4076373825609684
1746410374775157500,2.791157470703125,-6.173367732170224,13.536861779230833,0.49378188057541844
1746410374785130500,2.801130615234375,-5.081486102932692,14.272747950339317,0.09140811763107776
1746410374795102700,2.811102783203125,-1.7872458203434942,14.643650470221042,0.2699538359671831
1746410374805075700,2.82107568359375,0.27453824114799497,14.723577993416786,-0.5625947200387716
1746410374815048400,2.83104833984375,1.3794558775693178,14.384087679886816,-2.6845097173660992
1746410374825021400,2.841021484375,1.7922475741535424,13.540131594681739,-6.1410664680242535
1746410374834994400,2.850994384765625,1.06987964078784,12.435621370017527,-8.041264713808893
1746410374844967700,2.8609677734375,-0.28270576551258564,10.815379298776387,-7.5618141409248105
1746410374854939400,2.870939453125,0.04378302762508392,8.345634029597043,-6.9403037060588595
1746410374864912400,2.880912353515625,1.5920400591075419,5.292600796440244,-7.925784231194854
1746410374874885600,2.8908857421875,2.9727023898571727,4.313998924902081,-8.40172124300003
1746410374884858600,2.900858642578125,3.321462051513791,2.987344078671932,-8.255416583055258
1746410374894831600,2.91083154296875,1.4046549084946511,0.6602285803169011,-7.671098106986284
1746410374904804400,2.920804443359375,-2.9497599056869745,-1.3747621667951344,-5.9872138769179575
1746410374914776600,2.930776611328125,-7.650526443600654,-5.66117048946023,-6.1594432517141104
1746410374924749600,2.94074951171875,-8.380324234706164,-9.988229386943578,-9.01090820286572
1746410374934722300,2.950722412109375,-2.9983459496796128,-9.173490043872594,-11.195821215897798
1746410374944695600,2.960695556640625,5.22160710580647,-7.406697813493013,-12.306699222028255
1746410374954668500,2.97066845703125,10.197935967218875,-7.454986920365691,-11.777353860640526
1746410374964640500,2.980640625,10.59853219909668,-7.466735225826501,-7.767033931174874
1746410374974613800,2.99061376953125,5.958404546540975,-7.838431526434421,-0.49587797607183454
1746410374984586800,3.000586669921875,-0.7547469389230013,-10.586070192408561,5.096655030491948
1746410374994559500,3.0105595703125,-5.150798708611727,-14.80885622999072,3.9280519806236027
1746410375004532500,3.020532470703125,-4.703156063398718,-15.696383745896815,-0.8707394627124071
1746410375014505700,3.030505615234375,0.05277472785413265,-11.315913576221465,-2.8832015671521423
1746410375024477700,3.040477783203125,4.381427616530656,-8.551755152601004,-2.8659669392347333
1746410375034450400,3.050450439453125,6.219629717129469,-7.919920892119407,1.1996826632648705
1746410375044423700,3.060423583984375,6.761811763736605,-7.471938639688491,9.349842051556706
1746410375054396700,3.070396728515625,6.124308225446939,-7.09875414634943,17.479609224683045
1746410375064369700,3.08036962890625,4.87203028254807,-7.108622044891119,22.411036868095398
1746410375074342700,3.0903427734375,3.361147580692172,-7.349397132647037,22.55360877125263
1746410375084314600,3.100314697265625,0.378778952345252,-7.8850921553224325,18.435761948525904
1746410375094287600,3.11028759765625,-0.7042021620780229,-14.859859271997212,21.128586489772797
1746410375104260600,3.120260498046875,7.183433247986436,-36.243810515892505,52.82718051042556
1746410375114233900,3.13023388671875,16.799313423371313,-20.384298401021955,76.5809623588085
1746410375124206600,3.14020654296875,15.875482421940564,2.9468048552736636,35.498678377532954
1746410375134179600,3.1501796875,1.182601764604449,-3.671127722099423,3.562627892152965
1746410375144151800,3.16015185546875,-1.3555425025403498,-2.3727204807102678,-3.6273835651800033
1746410375154124800,3.170124755859375,2.5276246266961095,-0.8814002651974558,-10.069135399782658
1746410375164097500,3.18009765625,6.5897998310834165,4.871624916617572,-18.464668894058466
1746410375174070500,3.190070556640625,7.365705877891182,11.62092645061016,-28.038469923126694
1746410375184043500,3.20004345703125,-0.9174474378734826,12.529215014994143,-20.67902135206461
1746410375194016800,3.210016845703125,-7.087050264552235,10.133643235528469,-15.642255849868059
1746410375203988500,3.219988525390625,-9.262430310085415,7.815479689913988,-11.714138987314701
1746410375213961700,3.229961669921875,-9.449988186916709,6.710488988256454,-9.440279862850904
1746410375223934700,3.239934814453125,-6.226362240254879,5.566230106049776,-7.10233375840187
1746410375233907700,3.24990771484375,-3.221249865180254,4.389412185543775,-5.942326687443256
1746410375243880400,3.25988037109375,-3.0046412504315376,3.912176366099715,-4.623893141591549
1746410375253853400,3.269853515625,-2.440984454119205,3.7612463844418524,-2.903938942493498
1746410375263825700,3.27982568359375,-2.5670214020609854,0.02511924368739128,-0.7262266546204685
1746410375273798700,3.289798583984375,-3.6692210116952655,-9.644856679022311,4.266527564153075
1746410375283771400,3.299771484375,-5.409978637108207,-21.968030065989492,14.144812475299835
1746410375293744600,3.30974462890625,-1.109988363814354,-20.857569408488274,21.057104138839243
1746410375303717600,3.319717529296875,3.534686284521222,-7.601135512965917,15.74118968682885
1746410375313690600,3.329690673828125,0.8618295955479145,-5.973233282360434,6.603450170773267
1746410375323662600,3.33966259765625,0.7875625823318958,-4.304297030577064,4.205655746822059
1746410375333635600,3.349635498046875,1.510742416602373,-0.5792798973798752,3.1785648619249462
1746410375343608600,3.359608642578125,0.6789420486152171,1.2238646261021495,1.4189429615661502
1746410375353581600,3.36958154296875,-0.6598071400344372,1.8831404357388615,-0.7593497565433383
1746410375363554800,3.379554931640625,-1.8797551772147416,2.6532828044533727,-2.5331641406446694
1746410375373527600,3.389527587890625,-2.995419833099842,3.465290676733851,-3.511287873277068
1746410375383499500,3.39949951171875,-3.804344352412224,4.33439610850364,-3.5962566055104133
1746410375393472800,3.40947265625,-4.254574676030874,5.504132838577032,-2.8153502661973238
1746410375403445800,3.41944580078125,-4.230902124020457,6.2644485175430775,-1.6842305592879652
1746410375413418500,3.42941845703125,-3.8028000455796716,6.081445235276222,-0.9744979433506726
1746410375423391500,3.4393916015625,-3.7766684099793433,4.988417358613014,-1.5548974924102426
1746410375433364700,3.44936474609375,-4.070363771539927,3.2783506395399566,-2.6339950433984396
1746410375443336700,3.459336669921875,-4.727237780731916,1.565266033950448,-3.2687986750796436
1746410375453309400,3.469309326171875,-4.802451719409227,0.09809387900531291,-2.488246556031704
1746410375463282700,3.47928271484375,-4.316152888065576,-0.7729638558760284,-0.22950550572276113
1746410375473255700,3.489255615234375,-3.140673522686958,-0.8536557875730096,1.6463512027487157
1746410375483228700,3.499228759765625,-0.9888964710593223,-0.5205339861616491,2.7339298740953204
1746410375493201700,3.50920166015625,1.8044430388599633,0.144236767629534,3.5429438252568244
1746410375503173600,3.519173583984375,4.3677404519617555,1.1059431800767778,3.45526817215234
1746410375513146600,3.529146728515625,6.53908378932476,1.7410510554015635,2.152108913930505
1746410375523119600,3.53911962890625,7.610195602256059,1.7540210116118191,0.5175210680812597
1746410375533092900,3.5490927734375,7.355332367914914,1.3194585049852727,-0.007853051587939261
1746410375543065600,3.559065673828125,5.754738999995589,0.9925605465248226,0.5569939774222672
1746410375553038600,3.56903857421875,4.21357046546936,0.7062179588798433,1.2531734304338693
1746410375563010800,3.5790107421875,4.098618390643597,0.7784788929704576,1.2245530467577277
1746410375572983800,3.58898388671875,5.207422513109445,0.2943285448975861,0.16687347378619014
1746410375582956500,3.59895654296875,4.70274397546649,-1.062491211036965,-1.6505565454840658
1746410375592929500,3.608929443359375,4.20402171587944,-0.478503135966137,-2.713706585755944
1746410375602902500,3.618902587890625,4.653188209658861,0.6348259896434844,-2.6918513123005625
1746410375612875800,3.628875732421875,4.544577028292418,0.5244405286135152,-1.9501132002934813
1746410375622847500,3.638847412109375,4.121235296121239,0.3215231335543096,-0.5799948772488162
1746410375632820500,3.648820556640625,3.7158617668390272,0.9154610863618552,1.2883103563971816
1746410375642793700,3.658793701171875,2.8569921901404856,1.4641390708595514,3.017400778761506
1746410375652766700,3.6687666015625,1.418577343124151,2.100180573772639,3.5605662834480403
1746410375662739500,3.678739501953125,0.6814987473607063,3.979723131150007,2.3949573008291423
1746410375672712400,3.68871240234375,0.721410486510396,5.239551343297958,-0.16739028246821835
1746410375682684700,3.6986845703125,0.9375298564374447,4.9195028123408555,-2.7079019911304116
1746410375692657700,3.70865771484375,1.121996781516075,2.9084461907848715,-4.595672132496536
1746410375702630400,3.71863037109375,1.8691420132637022,-0.2717260332714766,-5.400472557616234
1746410375712603600,3.728603759765625,4.037318411028385,-2.490394966237247,-4.6734822251468895
1746410375722576600,3.73857666015625,7.458169057533144,-2.8825960024744273,-2.735783393007517
1746410375732549600,3.748549560546875,10.452855315661429,-1.894449619130045,-0.2360265780545771
1746410375742521600,3.758521484375,11.174940924954413,-0.6848015152331441,1.5216830589421093
1746410375752494600,3.76849462890625,9.296745836663245,-0.6758922325905412,1.1406712329782545
1746410375762467600,3.778467529296875,6.352036784625053,-0.8067462984904646,-0.571916967396438
1746410375772440600,3.788440673828125,3.1672938185870647,-0.15747350328350437,-1.6609337087221443
1746410375782413800,3.798413818359375,0.1872048256099224,1.0932450265452265,-1.9531781408220528
1746410375792385500,3.808385498046875,-2.2638719834566117,2.2350316734194755,-1.2465936136521398
1746410375802358500,3.818358642578125,-4.176394873285293,2.6713527141511437,0.10564897055998444
1746410375812331800,3.828331787109375,-5.44313038060367,2.6922844430208204,1.6821137132644652
1746410375822304800,3.8383046875,-5.856474450373649,2.743745750188827,2.973981323751807
1746410375832277500,3.848277587890625,-5.497607236200571,2.8387019156903026,3.5984552845984696
1746410375842250500,3.85825048828125,-4.610062184637784,2.5221868195563553,3.4216377052292226
1746410375852223700,3.8682236328125,-3.7441210621178147,1.882091949599236,2.44991857894212
1746410375862195700,3.87819580078125,-2.9475159261524677,1.2849312353529034,1.66669987103343
1746410375872168400,3.88816845703125,-2.3364146570980546,0.8079765709377825,1.4249522849835454
1746410375882141700,3.8981416015625,-1.9850597182512282,0.5006070504203438,1.3293724346257745
1746410375892114700,3.90811474609375,-1.8602245473146437,0.29750585975944993,1.401016551992297
1746410375902087700,3.918087646484375,-1.9769442163348196,0.0888835675895214,1.296299309324473
1746410375912059600,3.9280595703125,-2.245342639553547,0.08441051382869481,0.8301325809054076
1746410375922032600,3.93803271484375,-2.4695243199050423,0.36088673730194565,0.26393516019955277
1746410375932005600,3.948005615234375,-2.7083962043881415,0.6053329147860408,-0.14321283140927552
1746410375941978600,3.957978515625,-2.94956292181015,0.7463508664995432,-0.14497984108179807
1746410375951951600,3.96795166015625,-3.140604549103975,0.9956868618518113,0.29062369903028007
1746410375961924600,3.977924560546875,-3.312890038001537,1.216075287400186,0.9883793153174221
1746410375971896600,3.987896484375,-3.508702532958984,1.5808578630968928,1.6814973349317908
1746410375981869300,3.997869384765625,-3.6858681951135397,2.195002153109014,2.4093328860536216
1746410375991842300,4.00784228515625,-3.9137025527536866,2.4186975112482902,2.526395377162099
1746410376001815300,4.017815185546875,-4.032461034125089,2.4964435987517235,2.0098595207259056
1746410376011788000,4.0277880859375,-3.9510815585553645,2.582681328007579,1.378031251593679
1746410376021761300,4.03776123046875,-3.991282051518559,2.766404741242528,0.6120278093148023
1746410376031733200,4.047733154296875,-4.030284274607896,2.9982223232999443,-0.28554212144967167
1746410376041706200,4.057706298828125,-3.9650060390114783,2.9209669419229027,-0.9072335023730993
1746410376051679200,4.06767919921875,-3.744537241703272,2.4520962152421473,-1.3092797869287431
1746410376061652200,4.07765234375,-3.104670481413603,1.834678894908726,-1.75614998646453
1746410376071625200,4.087625244140625,-2.3039228388160464,1.204199702297896,-2.5540336179330945
1746410376081598200,4.09759814453125,-1.8145529294639824,0.32896658142805096,-3.3430908227369187
1746410376091570200,4.107570068359375,-1.4241992746591567,-0.4512503143161535,-3.6469735240519046
1746410376101543200,4.117543212890625,-1.052023666101694,-0.8241939846366644,-3.6026252637594935
1746410376111516200,4.12751611328125,-1.226323417431116,-1.171276068469882,-3.9875536786451935
1746410376121489400,4.137489501953125,-1.9658032291173935,-2.256581388057023,-4.52927950591743
1746410376131462400,4.14746240234375,-2.399872691529989,-3.563908871874213,-4.526427331356704
1746410376141435100,4.15743505859375,-2.201820308691263,-4.1573432590737935,-4.322313164260983
1746410376151407400,4.167407470703125,-1.6423831759005785,-4.092813211496174,-4.021776266242563
1746410376161380400,4.17738037109375,-1.0042039303064345,-4.005423974117637,-3.758412037798762
1746410376171353300,4.187353271484375,-0.23745324985682964,-4.1428950470045205,-3.507613860939443
1746410376181326000,4.197326171875,0.8088356719851494,-4.312378045701981,-3.506519343701005
1746410376191299300,4.20729931640625,1.5995681165248155,-4.740192247112095,-4.182626753412187
1746410376201272300,4.217272216796875,1.4108312590420244,-5.839195398792624,-5.353512068998813
1746410376211244300,4.227244384765625,0.808054750740528,-6.460155798560381,-7.221289223650097
1746410376221217300,4.23721728515625,-0.2698410232424736,-5.68416616512239,-8.15833860309422
1746410376231190300,4.247190185546875,-2.1919126626610757,-3.5318957770198582,-7.779747866797447
1746410376241163300,4.257163330078125,-3.6172996858000754,-0.6868399622581899,-6.943234498813748
1746410376251136300,4.26713623046875,-5.130369084045291,2.2147212913185355,-4.496232391840219
1746410376261109200,4.277109130859375,-6.659070935708284,5.647612504228949,0.7953833390854299
1746410376271081200,4.287081298828125,-6.670234134757519,8.052956905168294,5.887125609225034
1746410376281054200,4.29705419921875,-6.934972866424918,6.613221623203158,7.236965516209602
1746410376291027200,4.307027099609375,-7.22264589895606,2.884270657688379,5.816578493314982
1746410376301000400,4.31700048828125,-5.890473750609159,0.016463789675384758,4.568846961674094
1746410376310973200,4.32697314453125,-3.423708374023437,-0.5172144863501191,4.270000793221593
1746410376320946200,4.3369462890625,-1.4383891280531882,0.3549200839824974,5.465869451156259
1746410376330918400,4.34691845703125,-0.4120587061345577,1.4154983740702272,7.382320328083634
1746410376340891400,4.356891357421875,0.31132220366597174,2.141280499793589,8.34060597230196
1746410376350864100,4.366864013671875,1.478252351886034,2.417400457175076,8.04024589215517
1746410376360837000,4.376837158203125,3.117844435763359,1.9867603846892714,6.493062627384067
1746410376370810400,4.386810302734375,4.5538452073752875,1.6519722575008868,4.217641368170082
1746410376380783400,4.396783447265625,6.563433217683434,1.0366703949514775,2.2516379403054714
1746410376390755000,4.406755126953125,11.820227372205256,-0.11495046739056705,-0.8123325741901993
1746410376400728300,4.416728271484375,17.32290475127697,1.0449627878047525,-4.2455037730857725
1746410376410701300,4.426701416015625,20.715203257036208,5.432788434809446,-3.7144308572530744
1746410376420674300,4.43667431640625,18.648469464182853,8.525486738878488,-1.5200319307342172
1746410376430647000,4.44664697265625,12.91945468803048,4.510135244986414,0.5488362437993288
1746410376440619300,4.456619384765625,7.697692099401355,-0.6785366826847196,1.2606725540176034
1746410376450592300,4.46659228515625,4.711132449105381,-2.9416899964779613,1.473866538017243
1746410376460565200,4.476565185546875,4.581507121282816,-2.899134757082164,3.306345730924606
1746410376470538200,4.486538330078125,5.15366520395875,-2.1957640773922202,4.405222918137908
1746410376480511200,4.49651123046875,5.682643485599756,-1.441401753872633,3.4543986958414314
1746410376490484200,4.506484130859375,5.7942146858155725,-1.2286831322997809,1.1372609861433505
1746410376500457200,4.516457275390625,6.1147208974123,-1.25391328901574,-0.23426497520953415
1746410376510429200,4.52642919921875,6.112136141616106,-1.6077490848928688,-0.3178785665068775
1746410376520402200,4.536402099609375,5.453621964001655,-1.7104682856112718,0.6993928621001542
1746410376530375200,4.546375244140625,4.233956835415959,-1.7996119654417038,2.1923133524164555
1746410376540348400,4.556348388671875,2.4900194109231233,-2.3212258557945487,3.9439381165415046
1746410376550321400,4.5663212890625,0.8219675407588481,-1.9307070735558867,5.1280058620452875
1746410376560294100,4.576294189453125,0.13821253890395163,-0.7489392024923116,5.531262837564945
1746410376570266400,4.586266357421875,-0.5144248556315899,0.5797513142839074,5.599489401572942
1746410376580239400,4.5962392578125,-1.791295387995243,1.873308046901971,5.098558233764767
1746410376590212400,4.60621240234375,-3.070224606454372,3.320948841294646,4.0186832686632865
1746410376600185000,4.61618505859375,-4.09025505144596,4.547235433846712,2.018269913935661
1746410376610158000,4.626157958984375,-4.70130722066164,4.526256066443025,0.18417349509000777
1746410376620130300,4.63613037109375,-5.287195722526311,3.966935253508389,-0.6619605186760426
1746410376630103300,4.646103271484375,-5.815652026119828,3.3757162042707205,-1.1757955917209386
1746410376640076300,4.656076171875,-6.310329978752136,3.011410598435998,-1.6588117481321096
1746410376650049300,4.66604931640625,-6.8779860738337035,2.926528375442326,-1.7583061415851116
1746410376660022300,4.676022216796875,-7.699893993359804,3.0648151486262676,-1.8093918934389948
1746410376669995300,4.685995361328125,-8.488664197915792,3.4991996683374045,-2.2501076619982716
1746410376679967200,4.69596728515625,-8.760148896712064,4.575848072607815,-2.9086379139646885
1746410376689940200,4.705940185546875,-8.524205466896294,4.759276010027527,-3.8436294840961693
1746410376699913200,4.715913330078125,-7.9969129463851445,3.9753582139387724,-5.021317757695913
1746410376709886200,4.72588623046875,-7.215299627846479,2.778198347149789,-5.981718786633015
1746410376719859500,4.735859375,-5.878139169692993,1.7627876709133385,-6.347943962353468
1746410376729832200,4.745832275390625,-5.135776496046781,0.23422551998198032,-5.7653042331516735
1746410376739805200,4.75580517578125,-4.860777651649713,-0.2842401354730129,-4.761629295155406
1746410376749777400,4.76577734375,-4.525159795638919,0.8970406096607446,-4.2891064757078885
1746410376759750400,4.77575048828125,-5.364546673232317,1.4841105763949454,-5.552611915063857
1746410376769723100,4.78572314453125,-7.099999177974462,0.9415892148308456,-7.393963419604301
1746410376779696000,4.795696044921875,-8.771195191383361,1.0636571860764175,-8.289645015871525
1746410376789669400,4.80566943359375,-9.133015410143136,1.7980977614864706,-8.32786514867246
1746410376799642400,4.815642333984375,-8.82181478703022,1.9509812152996657,-6.955522902500629
1746410376809614000,4.825614013671875,-8.33719002637863,1.7694320773638783,-3.1613819641947742
1746410376819587300,4.83558740234375,-6.772977885395288,1.9237588618531822,1.277129767821729
1746410376829560300,4.845560302734375,-4.6697599897533655,2.1769567933306098,4.28980351806134
1746410376839533300,4.855533203125,-1.6801742696344852,2.2843882633931933,5.280793454268575
1746410376849506000,4.865506103515625,1.8280735052943229,2.2167048663511872,4.4967862263306975
1746410376859478300,4.875478271484375,46.806436704349515,3.0884757179379463,0.1809366320606321
1746410376869451300,4.885451171875,89.55445843362807,3.827764098705351,-8.5586981036067
1746410376879424300,4.89542431640625,14.364415011167525,7.018319258153438,-6.8299231769323345
1746410376889397200,4.905397216796875,-20.31914525310993,6.099701022934913,1.0399555541019887
1746410376899370200,4.915370361328125,-5.041869547337293,5.934950605717301,8.183636125957966
1746410376909343200,4.92534326171875,-0.028967735809087753,8.631811855134368,9.235715906161069
1746410376919315500,4.9353154296875,-3.3120085789918896,4.549265770630538,6.560611730521917
1746410376929288200,4.9452880859375,-4.726819263058901,-0.2884746129713021,4.324657097038626
1746410376939261200,4.95526123046875,-5.352321397909522,-3.2334470834523437,2.768387439492345
1746410376949234200,4.965234130859375,-3.5213673687428235,-4.111923277896643,1.41483055781126
1746410376959207400,4.97520751953125,0.44169279689788815,-3.7412031288444996,-0.4574238883845508
1746410376969180400,4.985180419921875,4.130098401534557,-2.545736621969938,-2.662489900998771
1746410376979153000,4.99515283203125,4.954042210802435,-1.0221464872974901,-4.580962931403517
1746410376989126000,5.0051259765625,3.1100095043539997,-0.4344318659842014,-4.992233702030777
1746410376999099000,5.015098876953125,-0.09247253199219703,-0.48176714273076504,-3.51535936049968
1746410377009071900,5.02507177734375,-2.0982401072293517,-0.6827940478682517,-1.4000398159146308
1746410377019044900,5.035044921875,-1.4697265156030654,-1.1394942981533704,0.9658610479086637
1746410377029017900,5.045017822265625,1.391359665852785,-0.8524318718012421,1.899431937587261
1746410377038989800,5.05498974609375,3.2497885619223115,-0.38159875900633633,1.6269281248763203
1746410377048962800,5.064962890625,2.9683295816004276,0.1774964284788817,1.214913550144434
1746410377058935800,5.074935791015625,1.988387401369214,-0.29083127736635506,1.2555617868751288
1746410377068909000,5.084908935546875,1.2283680750012398,-0.9119840579010545,1.1600541249707341
1746410377078882000,5.094882080078125,2.301775889915228,-0.6569442979492247,-0.21269436391443014
1746410377088854800,5.104854736328125,4.670075631573796,-0.0804571000277996,-1.9642197593182324
1746410377098827000,5.114826904296875,6.771943866172433,0.8172713457666337,-2.4839316154420374
1746410377108800000,5.124800048828125,5.6522506854236125,2.9220070986256004,-2.0644822145342827
1746410377118773000,5.13477294921875,2.294542431530356,3.3764328281074762,-1.4906301874220371
1746410377128745700,5.144745849609375,-0.09383622156083583,2.521617495235801,-1.5876345176249742
1746410377138718700,5.15471875,-1.4977537556916474,2.328591123865545,-1.3448545197874306
1746410377148692000,5.16469189453125,-2.7288363503485917,1.7207225531220436,-0.8742600380539893
1746410377158664000,5.174663818359375,-4.038395684871078,0.8605087222076951,-1.0227706836104393
1746410377168636700,5.18463671875,-4.564430314275622,0.03949599795565009,-1.3354407947540283
1746410377178610000,5.19460986328125,-4.177627629950642,-0.33124884714633224,-1.299957977962494
1746410377188583000,5.2045830078125,-3.488879642114043,-0.806732562226057,-1.1364625292420387
1746410377198556000,5.214555908203125,-2.2938912741452455,-0.6472441571898758,-0.8471908293426036
1746410377208528600,5.224528564453125,-1.257040042734146,-0.6837621622480452,-0.29704174937903877
1746410377218500900,5.2345009765625,-0.7231237201690673,-0.9533275834195315,-0.16034195312559604
1746410377228473900,5.244473876953125,-0.1191127016365528,-0.7196639351040125,-0.3975976345837116
1746410377238446800,5.25444677734375,0.40270694042146205,-0.46418329951688647,-0.3928285204857588
1746410377248419800,5.264419921875,0.6945517056792974,-0.12921294762939214,-0.1723082852512598
1746410377258392800,5.274392822265625,1.0694196220606564,0.20055793591886759,-0.4619418042004108
1746410377268365800,5.28436572265625,1.861421063622832,0.3878007554516196,-0.9057710286051034
1746410377278338000,5.294338134765625,2.3780548274755478,0.09111483377292752,-0.8058253842532634
1746410377288310800,5.304310791015625,2.2875538878172637,0.07239128247201443,-0.04633680376112461
1746410377298283800,5.31428369140625,1.654282580269873,0.22231997813284396,0.6238783330410719
1746410377308256800,5.3242568359375,0.8337439032703637,0.19945392019972205,0.7157067219108343
1746410377318230000,5.33422998046875,-0.11949907060563564,-0.026355507484078406,0.5647533593773841
1746410377328201700,5.34420166015625,-0.6791796567633748,-0.012333119611442088,0.13672668426036835
1746410377338174700,5.3541748046875,-0.799971982049942,-0.1452953367717564,-0.6019090778172016
1746410377348148000,5.36414794921875,-0.8680886559426784,-0.5968653845615685,-1.3306494688242674
1746410377358121000,5.374120849609375,-0.8420657414138316,-0.8394983751438557,-2.341132917791605
1746410377368094000,5.384093994140625,-1.0108607578471303,-0.8809259256839752,-3.1848528561532494
1746410377378066700,5.394066650390625,-1.949002024181187,-0.6429767090037465,-3.088703681474924
1746410377388039000,5.404038818359375,-2.4919825276896357,-0.8908296261914074,-2.6591993350207805
1746410377398012000,5.414011962890625,-2.638515443432331,-1.6410267928555606,-2.445382396817207
1746410377407985000,5.42398486328125,-2.476705755841732,-1.8178830967999993,-2.0002882670432327
1746410377417958000,5.4339580078125,-1.6941709385439752,-1.1760694402262568,-1.0530991863787174
1746410377427931000,5.443930908203125,-0.5900397763252258,-0.0454058065213263,-0.10567805052399634
1746410377437904000,5.45390380859375,0.8845008615612984,-0.7404416424557566,-1.7044447875380515
1746410377447876000,5.4638759765625,1.360374160480499,0.14093392669185995,-0.41724575338363645
1746410377457848800,5.473848876953125,1.3026447328284383,0.3549851120427251,0.8249193763017654
1746410377467821800,5.48382177734375,2.4347853072181342,0.1694425936218351,2.256537987306714
1746410377477794800,5.493794921875,4.043346000754833,0.8380228957638144,3.9943350093483923
1746410377487767800,5.503767822265625,3.7887867177963255,1.446793383783102,3.9789574074745175
1746410377497741000,5.513740966796875,1.7066143866620958,1.4370654782339929,1.943136639279127
1746410377507712800,5.523712646484375,-0.443912884100154,1.2454831681922078,0.2347527587264776
1746410377517686000,5.53368603515625,-1.3014870872259139,0.4873117347132414,-0.3102525286078453
1746410377527659000,5.543658935546875,-1.421831961005926,0.16775222938209772,-0.03678337799608707
1746410377537632000,5.553632080078125,-1.2520377044022082,0.3741194361016154,0.5776999347120523
1746410377547604700,5.563604736328125,-0.7269581837654113,0.18760215436443686,0.5772983681738376
1746410377557577700,5.57357763671875,-0.3357014426410198,0.06326543446928262,0.2967792990505695
1746410377567550000,5.583550048828125,-0.044348844814300535,-0.1785777939748019,-0.045017537856101984
1746410377577522700,5.593522705078125,0.31874216106627135,-0.061084291037917134,-0.21249884134232996
1746410377587495700,5.60349560546875,0.5177414328336716,0.1584157343033701,-0.13444763341248034
1746410377597469000,5.613468994140625,0.1138297745312564,0.0750549487233162,0.07001169385910033
1746410377607442000,5.62344189453125,-0.579188711965084,-0.12857625716105103,0.079646952688694
1746410377617415000,5.633414794921875,-1.1792261506915092,-0.06188888541907072,0.10515548795461654
1746410377627387000,5.643386962890625,-1.6142752717912197,0.06787460876516997,-0.07556932798624039
1746410377637359900,5.65335986328125,-2.117432883477211,-0.39439138588830824,-0.17112930459976194
1746410377647332900,5.663332763671875,-2.4276865811288357,-0.5925577504955232,-0.211208217009902
1746410377657305900,5.673305908203125,-1.8991104505479335,-0.26772498093657193,-0.39668461139202116
1746410377667278800,5.68327880859375,-0.9474936165690422,0.3464516039099544,-0.33758184956014153
1746410377677251800,5.693251953125,0.2545487615644932,1.1908068445004523,0.05546119045913219
1746410377687223800,5.703223876953125,1.1098702903926372,-0.08310593403615057,0.7438005974948406
1746410377697197000,5.713197021484375,1.192063493498042,-0.24461123185269534,0.9860229614496231
1746410377707169800,5.723169677734375,0.7557984938025474,0.33427323646880686,0.4702268174648285
1746410377717142800,5.733142822265625,0.2097474602749571,0.250610618397966,0.2995160305380821
1746410377727115800,5.74311572265625,-0.2023287815162912,0.25330519124418494,0.10396598590910434
1746410377737089000,5.753089111328125,-0.35843466797471046,0.5239943557485938,-0.1048696567505598
1746410377747060700,5.763060791015625,0.32814825078248977,-0.1468359903424978,0.18771978939473627
1746410377757033700,5.77303369140625,1.156566575115919,-0.6307444194182753,0.10086743537187576
1746410377767007000,5.783007080078125,1.3062052017889916,-0.5744175520405173,-0.4976180977374315
1746410377776980000,5.79297998046875,0.7009948174040764,-0.46078547377213835,-1.3605793276637792
1746410377786953000,5.802952880859375,-0.30267716145012524,-0.8995926322311163,-1.6511147638887167
1746410377796925000,5.812925048828125,-1.1421101797401905,-1.0898156366184353,-1.5799018775463103
1746410377806898000,5.82289794921875,-1.8498983836114407,-0.7528279535591602,-1.1651806742042303
1746410377816871000,5.832870849609375,-2.0135271033227444,-0.36975057336762546,-0.5803735378354787
1746410377826844000,5.842843994140625,-1.1583844381928443,-0.06193915430158376,-0.1439519593387842
1746410377836817000,5.85281689453125,0.33649288527965543,0.20262853164784608,0.31020050615966316
1746410377846790000,5.862789794921875,1.6371569656848906,0.4822138270523399,0.7851093439608812
1746410377856761900,5.872761962890625,2.2775449733696878,0.6886074103221297,1.1218149952083825
1746410377866735000,5.882735107421875,2.020515647035837,0.411249216382578,1.2503911062389612
1746410377876707800,5.892707763671875,0.8275660914182662,0.03853109844624996,0.6462362953215837
1746410377886680800,5.902680908203125,-0.45077743610739707,-0.1608386506013572,-0.1803238339245319
1746410377896653800,5.91265380859375,-1.1392414193708449,-0.31427199338227507,-0.5396773703098297
1746410377906626800,5.922626708984375,-1.3366928406417369,-0.025035657057166098,-0.5034066180109977
1746410377916598800,5.932598876953125,-0.7495651523709297,0.36756935687102377,0.025999533653259275
1746410377926571800,5.94257177734375,0.44762686312198635,0.2531589877065271,0.7385989371985197
1746410377936544800,5.952544677734375,1.2051309917986393,0.07473112359642982,0.6467395686686038
1746410377946518000,5.96251806640625,1.3199462885022162,0.09160473618172109,0.1491162102341652
1746410377956490800,5.97249072265625,0.5947381267419084,-0.053852586218714714,-0.09295476255118847
1746410377966463700,5.982463623046875,-0.35156189612839367,-0.15788279647044837,-0.3027531127631664
1746410377976436000,5.99243603515625,-1.0821242053329945,-0.33696072198711335,-0.36944004611372944
1746410377986408700,6.00240869140625,-1.5392331825494765,-0.15116832045838235,-0.223006206831336
1746410377996381400,6.01238134765625,-1.5479554181873798,-0.016795578913018108,0.10928045893013477
1746410378006354700,6.022354736328125,-0.9589222616214305,0.12953669969104228,0.29640754312872886
1746410378016327700,6.03232763671875,0.010715455281734466,-0.12094590841308235,0.1352899294555187
1746410378026300700,6.04230078125,0.7311585580646991,-0.5023776402894408,-0.49785541362464425
1746410378036272600,6.052272705078125,0.9145663294792175,-0.496251047167927,-0.9964636914432048
1746410378046245600,6.06224560546875,0.5388485913354903,-0.4677604273512959,-0.8683236337423325
1746410378056218600,6.072218505859375,-0.22848018126301467,-0.33029439596571025,-0.5010065711319446
1746410378066191600,6.082191650390625,-0.6530137535672634,0.01464570740275085,0.16246902828216553
1746410378076164600,6.09216455078125,-0.32627547918055205,0.3570801846258342,0.8987018208712338
1746410378086137600,6.1021376953125,0.26798684674315154,0.4973130503762513,1.0885025081932544
1746410378096109600,6.112109619140625,0.4895160032918676,0.17514219350293278,0.44310091013014313
1746410378106082600,6.12208251953125,0.230557645124197,-0.07138648934364318,-0.3373626538515091
1746410378116055800,6.132055908203125,-0.3004535305839032,-0.2938652382347733,-0.33891982016563416
1746410378126028500,6.142028564453125,-0.8577835350275039,-0.11475260673090815,-0.1256692836731672
1746410378136001500,6.15200146484375,-1.025094669578597,0.14803784041292964,0.18755846135318277
1746410378145974500,6.161974609375,-0.8311725914776324,0.2515927613031119,0.38752515338063237
1746410378155946800,6.17194677734375,-0.6705448802132159,0.27069113726578653,0.25382629250884053
